file,species
0021e90e4.png,Small-flowered Cranesbill
003d61042.png,Loose Silky-bent
007b3da8b.png,Cleavers
0086a6340.png,Common Chickweed
00c47e980.png,Cleavers
00d090cde.png,Loose Silky-bent
00ef713a8.png,Common Chickweed
01291174f.png,Loose Silky-bent
026716f9b.png,Loose Silky-bent
02cfeb38d.png,Loose Silky-bent
03566743d.png,Scentless Mayweed
03a2ee656.png,Small-flowered Cranesbill
03e322a29.png,Charlock
03ef36742.png,Fat Hen
043449b0b.png,Loose Silky-bent
0437393b1.png,Fat Hen
04814f36d.png,Common Chickweed
05341a8a6.png,Sugar beet
060450d79.png,Scentless Mayweed
060f1dc84.png,Small-flowered Cranesbill
0625f063b.png,Fat Hen
063363305.png,Small-flowered Cranesbill
06d12f6fa.png,Small-flowered Cranesbill
071cb3ece.png,Fat Hen
0751c0bbc.png,Fat Hen
07e62f903.png,Charlock
085974290.png,Charlock
0885e7690.png,Shepherds Purse
089ad62a7.png,Scentless Mayweed
08d591441.png,Loose Silky-bent
0911d3dee.png,Common Chickweed
099b961ec.png,Shepherds Purse
0a64e3e6c.png,Loose Silky-bent
0ad9e7dfb.png,Scentless Mayweed
0ae6668fa.png,Loose Silky-bent
0bf7bfb05.png,Loose Silky-bent
0c27cf05f.png,Fat Hen
0c4199daa.png,Fat Hen
0c45ace27.png,Common Chickweed
0c51bf229.png,Maize
0c5f6c493.png,Sugar beet
0caeda5df.png,Common wheat
0d117d910.png,Scentless Mayweed
0d31e6602.png,Common Chickweed
0dba99002.png,Sugar beet
0e8492cb1.png,Fat Hen
0ebf8f2f4.png,Maize
0ee4ad224.png,Scentless Mayweed
0f6cbe5e8.png,Common Chickweed
0fb233ad6.png,Small-flowered Cranesbill
115f93ecc.png,Loose Silky-bent
116b136de.png,Black-grass
1191ba346.png,Scentless Mayweed
11d3f68ff.png,Loose Silky-bent
122913909.png,Maize
12625488b.png,Loose Silky-bent
126a71ce0.png,Charlock
1312065a5.png,Scentless Mayweed
1364b297a.png,Cleavers
1376f3b63.png,Loose Silky-bent
13b9fa92d.png,Loose Silky-bent
1459e96a0.png,Fat Hen
148bbda66.png,Small-flowered Cranesbill
14bb43eee.png,Loose Silky-bent
1541bdb2e.png,Maize
1623fb9e1.png,Loose Silky-bent
16357b436.png,Black-grass
16467a950.png,Common wheat
165681fd9.png,Sugar beet
1694a70e4.png,Loose Silky-bent
16fd2e01a.png,Fat Hen
172f9b10b.png,Shepherds Purse
17529c555.png,Small-flowered Cranesbill
1758a1baf.png,Scentless Mayweed
177d7e2a4.png,Common Chickweed
17a78fb44.png,Loose Silky-bent
17d5e5ac4.png,Common wheat
1821eb11a.png,Maize
187668bde.png,Scentless Mayweed
1926e82fd.png,Loose Silky-bent
19618ad6a.png,Loose Silky-bent
19b51843a.png,Common Chickweed
19e58cc5e.png,Common Chickweed
19fdf19fb.png,Loose Silky-bent
1b490196c.png,Scentless Mayweed
1b6a6494d.png,Loose Silky-bent
1be0713da.png,Fat Hen
1bf9b94a6.png,Loose Silky-bent
1c52ea820.png,Loose Silky-bent
1c680883c.png,Loose Silky-bent
1cfd91582.png,Charlock
1d0cbd819.png,Loose Silky-bent
1d321253f.png,Charlock
1d48b7564.png,Sugar beet
1d56351b2.png,Common Chickweed
1dc7c45df.png,Loose Silky-bent
1e095a7e1.png,Small-flowered Cranesbill
1f290e016.png,Fat Hen
1f3f44563.png,Shepherds Purse
1f5e5554e.png,Fat Hen
1fefb54b7.png,Black-grass
205df1df3.png,Small-flowered Cranesbill
20817c846.png,Sugar beet
20e562fd5.png,Sugar beet
20ea96bcc.png,Loose Silky-bent
20f983a71.png,Fat Hen
2126dc71b.png,Black-grass
219fd68d5.png,Shepherds Purse
223e4af09.png,Sugar beet
22e79540f.png,Cleavers
22fbf13d6.png,Loose Silky-bent
239bdf640.png,Small-flowered Cranesbill
23bc8ec4f.png,Scentless Mayweed
23e480e64.png,Common Chickweed
2406d6c99.png,Shepherds Purse
241e6935a.png,Fat Hen
248436078.png,Cleavers
24a058589.png,Charlock
24c94a6ca.png,Loose Silky-bent
24d36c52c.png,Fat Hen
24d78df74.png,Fat Hen
24dbc3b21.png,Black-grass
258b1183c.png,Cleavers
25a4c427e.png,Loose Silky-bent
25cf6eb73.png,Scentless Mayweed
25fa8d109.png,Common wheat
26852751a.png,Charlock
2693e5c65.png,Maize
26e7ae885.png,Fat Hen
270b939cf.png,Common Chickweed
279df95f2.png,Loose Silky-bent
288564c76.png,Black-grass
29bab7cad.png,Common Chickweed
29ce426a1.png,Charlock
29f49cd0b.png,Fat Hen
2a5064f19.png,Black-grass
2a667e099.png,Black-grass
2b55a2da2.png,Small-flowered Cranesbill
2bd74d2da.png,Fat Hen
2d5058a59.png,Loose Silky-bent
2d992d1fb.png,Loose Silky-bent
2d9c798f9.png,Small-flowered Cranesbill
2dd5cfba9.png,Charlock
2df78338c.png,Small-flowered Cranesbill
2e86f1085.png,Sugar beet
2ea664465.png,Sugar beet
2f0004a7f.png,Loose Silky-bent
2f246d688.png,Small-flowered Cranesbill
2ff5cb348.png,Fat Hen
30ad31220.png,Shepherds Purse
3185294c8.png,Fat Hen
31f3dd81f.png,Loose Silky-bent
31fcdc161.png,Maize
3281183f9.png,Fat Hen
32a8c8a1d.png,Loose Silky-bent
32b42c120.png,Small-flowered Cranesbill
32c86784b.png,Common Chickweed
33317fc2a.png,Loose Silky-bent
33448fe39.png,Loose Silky-bent
33748968f.png,Loose Silky-bent
338c7e907.png,Charlock
34dd57ca9.png,Black-grass
3526b05cc.png,Fat Hen
35a90f8d0.png,Fat Hen
35cf9fa01.png,Common Chickweed
35ebe165c.png,Loose Silky-bent
36839d5e9.png,Charlock
36d62bf36.png,Loose Silky-bent
36ed4f215.png,Small-flowered Cranesbill
37297a64c.png,Small-flowered Cranesbill
37714071b.png,Common Chickweed
377283a21.png,Maize
37c3108d6.png,Scentless Mayweed
37e545a60.png,Common Chickweed
3827436f3.png,Common Chickweed
38c054379.png,Sugar beet
391dcd7fd.png,Loose Silky-bent
39858776a.png,Cleavers
39b740f7e.png,Fat Hen
39c8fde99.png,Loose Silky-bent
39d569be4.png,Loose Silky-bent
3a909ead8.png,Common Chickweed
3abb502fb.png,Loose Silky-bent
3b73c3b61.png,Common Chickweed
3bbef3ecb.png,Small-flowered Cranesbill
3d38a87bc.png,Fat Hen
3d65168c2.png,Common Chickweed
3d67c434b.png,Small-flowered Cranesbill
3da774107.png,Loose Silky-bent
3dd52bd2a.png,Small-flowered Cranesbill
3e9f41817.png,Common wheat
3ebbe9ca4.png,Charlock
3eda9cbb6.png,Small-flowered Cranesbill
3edf5e9ef.png,Loose Silky-bent
3eebd36c6.png,Small-flowered Cranesbill
3efa1f66c.png,Loose Silky-bent
3f64c2c1b.png,Common wheat
3f826b318.png,Common Chickweed
3f92d8039.png,Loose Silky-bent
3fbd0fc6a.png,Small-flowered Cranesbill
3fbf1a417.png,Cleavers
4049a6ea6.png,Loose Silky-bent
406162ef9.png,Small-flowered Cranesbill
406ecb5c5.png,Small-flowered Cranesbill
410e6f702.png,Small-flowered Cranesbill
41e07778c.png,Fat Hen
41f1c3cdb.png,Common wheat
4287d810c.png,Sugar beet
429211ee6.png,Loose Silky-bent
42e7ed442.png,Scentless Mayweed
4392d93cf.png,Fat Hen
43ede9de9.png,Small-flowered Cranesbill
444473900.png,Black-grass
446f7da01.png,Cleavers
44e8b8833.png,Common Chickweed
456d507c0.png,Cleavers
466bb6d3b.png,Maize
46c14fde2.png,Common Chickweed
47b7d8e17.png,Small-flowered Cranesbill
47f9e5d91.png,Common Chickweed
48231e475.png,Small-flowered Cranesbill
4823c3ffa.png,Loose Silky-bent
486e59179.png,Scentless Mayweed
48d97c645.png,Common wheat
48ef6a2ff.png,Fat Hen
490c4f9c8.png,Fat Hen
4a337a4a9.png,Fat Hen
4ac29bbf0.png,Scentless Mayweed
4b032563b.png,Small-flowered Cranesbill
4b155fb07.png,Scentless Mayweed
4bbf1f6ea.png,Charlock
4bbfd1e05.png,Loose Silky-bent
4bcdaa5e2.png,Cleavers
4c5ab9b68.png,Fat Hen
4c7838de4.png,Small-flowered Cranesbill
4c8005bbc.png,Loose Silky-bent
4e1190d78.png,Loose Silky-bent
4e18ab737.png,Fat Hen
4e69d100a.png,Fat Hen
4e9d3765f.png,Cleavers
4ea7493d5.png,Sugar beet
4f44ca525.png,Shepherds Purse
4f83143e1.png,Scentless Mayweed
502dff972.png,Fat Hen
506347cfe.png,Small-flowered Cranesbill
50de8a115.png,Scentless Mayweed
521b27a17.png,Loose Silky-bent
523e5505c.png,Fat Hen
5296835a0.png,Common Chickweed
52a87abe5.png,Cleavers
52dc7a4d6.png,Common Chickweed
5315c2dca.png,Loose Silky-bent
534e74d83.png,Sugar beet
539961189.png,Sugar beet
53ceb4657.png,Maize
53e6e9000.png,Fat Hen
54b3afd58.png,Cleavers
54c8bb900.png,Charlock
550a8b7e6.png,Scentless Mayweed
55251925f.png,Fat Hen
558aa7deb.png,Fat Hen
55920f07f.png,Maize
55a852f40.png,Scentless Mayweed
55fed435f.png,Shepherds Purse
56112b92c.png,Common Chickweed
56a01b835.png,Charlock
5779fe8b4.png,Loose Silky-bent
5817b766d.png,Common Chickweed
5883b423d.png,Scentless Mayweed
589e643b8.png,Shepherds Purse
590f5aea6.png,Charlock
592473c83.png,Loose Silky-bent
592cc5b89.png,Fat Hen
59358cd44.png,Small-flowered Cranesbill
593896f83.png,Common Chickweed
599691cd9.png,Fat Hen
599c82eea.png,Fat Hen
59b2c6f2b.png,Common Chickweed
59c6a9f95.png,Scentless Mayweed
59e1cea8d.png,Black-grass
59f62ad1d.png,Loose Silky-bent
5a38ac566.png,Fat Hen
5a6bf96f6.png,Common Chickweed
5af1d74ee.png,Loose Silky-bent
5b3000b9a.png,Maize
5b3beec58.png,Loose Silky-bent
5b63dcc21.png,Common Chickweed
5bbc0a255.png,Loose Silky-bent
5bc6595f6.png,Common Chickweed
5bd71f445.png,Sugar beet
5bdcfa329.png,Loose Silky-bent
5c3cd7ea2.png,Scentless Mayweed
5ca0205f9.png,Charlock
5ca2687a4.png,Maize
5dcad9a53.png,Small-flowered Cranesbill
5e6a237f2.png,Small-flowered Cranesbill
5eb9c26a6.png,Common wheat
5ee9d0a5b.png,Loose Silky-bent
5f04aed97.png,Small-flowered Cranesbill
6049234e6.png,Loose Silky-bent
604dd663f.png,Shepherds Purse
606647f64.png,Common Chickweed
60ee66ddd.png,Common wheat
60f0bc617.png,Small-flowered Cranesbill
60fea2ef6.png,Fat Hen
615d2b0a9.png,Common wheat
618de3d7a.png,Charlock
61b044411.png,Loose Silky-bent
61dd2cdc5.png,Charlock
632156793.png,Cleavers
63c07d340.png,Sugar beet
647689543.png,Loose Silky-bent
64fe8beb9.png,Fat Hen
653193c1a.png,Loose Silky-bent
65489944f.png,Scentless Mayweed
659412b1a.png,Loose Silky-bent
65d08b894.png,Fat Hen
65e262a6d.png,Fat Hen
65e97117e.png,Loose Silky-bent
664194d19.png,Fat Hen
6680836dd.png,Black-grass
668c1007c.png,Charlock
66ab0e8d0.png,Charlock
675ec1b0b.png,Shepherds Purse
67ce3eaa6.png,Loose Silky-bent
67e185673.png,Small-flowered Cranesbill
686dc7ec8.png,Common wheat
6908fb540.png,Loose Silky-bent
6982a9d30.png,Small-flowered Cranesbill
699d3c707.png,Fat Hen
69d1669f8.png,Charlock
6a41bf95b.png,Charlock
6a47821f9.png,Loose Silky-bent
6b721f68e.png,Loose Silky-bent
6b9d6f8c9.png,Maize
6ba4ef411.png,Charlock
6bce55e05.png,Scentless Mayweed
6be169e41.png,Fat Hen
6c874918c.png,Loose Silky-bent
6d6eb3830.png,Charlock
6da892be6.png,Small-flowered Cranesbill
6db684fff.png,Sugar beet
6dd095129.png,Common Chickweed
6df8e31ea.png,Fat Hen
6edb96d45.png,Loose Silky-bent
6edc76e7c.png,Charlock
711b46fba.png,Charlock
71334c634.png,Maize
71b232519.png,Loose Silky-bent
71e73a8a0.png,Sugar beet
71f5323c5.png,Loose Silky-bent
721b2c47a.png,Cleavers
721be0a4a.png,Common wheat
728eabae1.png,Charlock
73260a4ee.png,Small-flowered Cranesbill
74068643d.png,Loose Silky-bent
74d810f87.png,Black-grass
74fd477eb.png,Fat Hen
7506c0c02.png,Shepherds Purse
752101fdf.png,Fat Hen
754b1adf8.png,Small-flowered Cranesbill
756dd5070.png,Common Chickweed
75cb95e91.png,Charlock
7615e52d3.png,Cleavers
76555b064.png,Loose Silky-bent
7691014a1.png,Small-flowered Cranesbill
7696badea.png,Loose Silky-bent
76dbd1054.png,Shepherds Purse
770a265f5.png,Small-flowered Cranesbill
77ccb8b2a.png,Sugar beet
780bd2a2c.png,Loose Silky-bent
780defa2e.png,Black-grass
785a73ab8.png,Common Chickweed
78750e0ff.png,Charlock
78b1bf91a.png,Small-flowered Cranesbill
78c5fba1d.png,Fat Hen
79d93bc96.png,Loose Silky-bent
79dafec17.png,Loose Silky-bent
79e5ea8fa.png,Loose Silky-bent
79fba50db.png,Common Chickweed
7a38416be.png,Charlock
7b21ba6ba.png,Fat Hen
7b52585da.png,Cleavers
7beb2766f.png,Small-flowered Cranesbill
7c85b0265.png,Loose Silky-bent
7cabd68cc.png,Loose Silky-bent
7d22abf91.png,Scentless Mayweed
7d3045fc3.png,Common Chickweed
7d4cd07ad.png,Loose Silky-bent
7e9cf1c46.png,Common Chickweed
7f31c7f42.png,Black-grass
7f46a71db.png,Sugar beet
7f9e9565d.png,Small-flowered Cranesbill
7fdb7202d.png,Fat Hen
800a8c17e.png,Loose Silky-bent
808578ed5.png,Sugar beet
808cf55c6.png,Small-flowered Cranesbill
809eb0b82.png,Small-flowered Cranesbill
80e299ae9.png,Charlock
8104422bb.png,Common Chickweed
8170d33c1.png,Maize
824f5d4e5.png,Fat Hen
827279bad.png,Sugar beet
82b5f4d33.png,Small-flowered Cranesbill
8301b0547.png,Cleavers
8303b27ed.png,Loose Silky-bent
8311740de.png,Sugar beet
835dc5447.png,Sugar beet
837ac0270.png,Charlock
8455169fe.png,Black-grass
851c90831.png,Loose Silky-bent
85431c075.png,Loose Silky-bent
855955aaf.png,Charlock
856f2910a.png,Maize
8585f9718.png,Black-grass
862b8e7a0.png,Fat Hen
86676d627.png,Loose Silky-bent
866be78b0.png,Scentless Mayweed
86c309150.png,Loose Silky-bent
86f08e6d1.png,Common Chickweed
87608f7aa.png,Small-flowered Cranesbill
87f627bf9.png,Fat Hen
8874bba69.png,Black-grass
88ac6df54.png,Common wheat
88d8a4508.png,Fat Hen
8916793ce.png,Shepherds Purse
892e9d6c6.png,Charlock
897e5a8de.png,Loose Silky-bent
8a30b2de3.png,Black-grass
8a32d0bfa.png,Small-flowered Cranesbill
8a4d3a1b1.png,Loose Silky-bent
8a8d6c712.png,Black-grass
8ab8a958b.png,Loose Silky-bent
8b043093d.png,Small-flowered Cranesbill
8b27bfd2b.png,Fat Hen
8b9144917.png,Sugar beet
8bc0261c9.png,Loose Silky-bent
8c98a6e9b.png,Loose Silky-bent
8c9953903.png,Cleavers
8ca6140ca.png,Black-grass
8cf2e3e6c.png,Common Chickweed
8cf909eb3.png,Charlock
8cfd98117.png,Fat Hen
8d6991365.png,Loose Silky-bent
8d6acbe9b.png,Sugar beet
8db450ce3.png,Common Chickweed
8dbb8e1b9.png,Small-flowered Cranesbill
8e29abce1.png,Scentless Mayweed
8e2e5604e.png,Sugar beet
8e3ed0a25.png,Small-flowered Cranesbill
8e4eaeec0.png,Common Chickweed
8e6ec1ca6.png,Small-flowered Cranesbill
8ece6efec.png,Maize
8f523520c.png,Small-flowered Cranesbill
8faadb6a8.png,Fat Hen
90b595f12.png,Common Chickweed
90d119d25.png,Shepherds Purse
91e469b4a.png,Charlock
92292055d.png,Common Chickweed
93079d970.png,Cleavers
9326bda1b.png,Common Chickweed
93d76fd5d.png,Sugar beet
948cdb277.png,Cleavers
9516e56c4.png,Common wheat
953496deb.png,Scentless Mayweed
958bb9e96.png,Charlock
963544aa0.png,Black-grass
9643fc5f4.png,Scentless Mayweed
966ae5ad9.png,Black-grass
969a851be.png,Sugar beet
96ecad7a1.png,Small-flowered Cranesbill
96f14d90c.png,Scentless Mayweed
974959ec1.png,Fat Hen
976e4e079.png,Small-flowered Cranesbill
97844bfd5.png,Fat Hen
97b2f0a10.png,Common wheat
98062cd87.png,Small-flowered Cranesbill
98d819587.png,Small-flowered Cranesbill
98da6ef4e.png,Scentless Mayweed
99036c51d.png,Loose Silky-bent
99569b224.png,Small-flowered Cranesbill
995c7ab1e.png,Loose Silky-bent
9a3f20121.png,Loose Silky-bent
9aa5587fe.png,Loose Silky-bent
9b4800b42.png,Shepherds Purse
9b9911f20.png,Loose Silky-bent
9baf94467.png,Scentless Mayweed
9c0c5b731.png,Loose Silky-bent
9c32a797e.png,Loose Silky-bent
9c777333d.png,Common Chickweed
9c8b08a24.png,Loose Silky-bent
9cce7328c.png,Loose Silky-bent
9d3cb4745.png,Common wheat
9d79a1f0c.png,Common Chickweed
9df3275da.png,Common Chickweed
9fab816f2.png,Loose Silky-bent
a006a475c.png,Common Chickweed
a060c1cf8.png,Maize
a0b393945.png,Loose Silky-bent
a0f37c726.png,Small-flowered Cranesbill
a169b71e7.png,Charlock
a19c3faca.png,Cleavers
a1da8be3c.png,Common Chickweed
a1e0a6c02.png,Cleavers
a254d71f6.png,Scentless Mayweed
a276c65f7.png,Common Chickweed
a2b703e21.png,Small-flowered Cranesbill
a2c89c367.png,Scentless Mayweed
a2d25b4f3.png,Small-flowered Cranesbill
a35fd6fbb.png,Common Chickweed
a38b8a581.png,Small-flowered Cranesbill
a3b375b34.png,Loose Silky-bent
a3d0031fd.png,Loose Silky-bent
a4b61a4ea.png,Fat Hen
a544fc46d.png,Cleavers
a55d26a4c.png,Common Chickweed
a5db42f7d.png,Maize
a74bf916d.png,Small-flowered Cranesbill
a74d475c2.png,Loose Silky-bent
a7bd7cadb.png,Fat Hen
a800caead.png,Sugar beet
a83820a2c.png,Small-flowered Cranesbill
a8388a37f.png,Common wheat
a85b48a95.png,Fat Hen
a85fc8c9a.png,Common Chickweed
a890ac088.png,Fat Hen
a8b431a3e.png,Black-grass
a8c8a1db0.png,Charlock
a8da9c08d.png,Cleavers
a8de7c1b7.png,Loose Silky-bent
a935ca110.png,Black-grass
a93f940d6.png,Scentless Mayweed
a9d2eab61.png,Common wheat
aa7d098d1.png,Common Chickweed
aad8375e0.png,Charlock
aaf4da98f.png,Sugar beet
ab0f67743.png,Loose Silky-bent
ab35453cb.png,Cleavers
abc331628.png,Cleavers
abf8b0772.png,Fat Hen
ac3193f78.png,Small-flowered Cranesbill
ac75d3326.png,Loose Silky-bent
acdb75e00.png,Loose Silky-bent
ace8761dd.png,Fat Hen
ad12382d4.png,Scentless Mayweed
adb7a032c.png,Loose Silky-bent
ae90f2827.png,Scentless Mayweed
aecfaed64.png,Scentless Mayweed
aee6fa3df.png,Loose Silky-bent
af45e222a.png,Fat Hen
afa446484.png,Small-flowered Cranesbill
afcf6abd5.png,Small-flowered Cranesbill
b026bf8ca.png,Loose Silky-bent
b03397525.png,Common wheat
b0acaff4a.png,Black-grass
b130a0632.png,Cleavers
b145ba9d4.png,Sugar beet
b1cd2a91e.png,Cleavers
b215531dd.png,Sugar beet
b2706e2b3.png,Shepherds Purse
b29339405.png,Loose Silky-bent
b30ab4659.png,Cleavers
b31292706.png,Loose Silky-bent
b341d0aab.png,Common Chickweed
b39c71707.png,Maize
b3d6fdb80.png,Fat Hen
b3e08b037.png,Small-flowered Cranesbill
b47691c08.png,Small-flowered Cranesbill
b4c3df835.png,Maize
b4f7c9214.png,Sugar beet
b573b7a56.png,Loose Silky-bent
b5c7fd009.png,Charlock
b62dca166.png,Small-flowered Cranesbill
b687160f5.png,Common Chickweed
b6a3f7876.png,Scentless Mayweed
b6f3d8b5d.png,Sugar beet
b7192c70f.png,Loose Silky-bent
b7a7f6390.png,Loose Silky-bent
b7ad92859.png,Sugar beet
b828443ff.png,Scentless Mayweed
b9062c1c8.png,Scentless Mayweed
b944a49ca.png,Loose Silky-bent
b98327bf4.png,Scentless Mayweed
ba3ce6b3e.png,Shepherds Purse
bb1c84bbc.png,Fat Hen
bb1d1bfd3.png,Charlock
bb20fce02.png,Charlock
bb64660b7.png,Fat Hen
bb7621cb3.png,Black-grass
bd72d4d8a.png,Charlock
bd789d151.png,Scentless Mayweed
bdde957ec.png,Shepherds Purse
be2499cf4.png,Black-grass
be341dbdc.png,Loose Silky-bent
bea23d9f8.png,Scentless Mayweed
bebcaab66.png,Scentless Mayweed
beebe5f4e.png,Sugar beet
bf3924a57.png,Fat Hen
bf66b9cd2.png,Maize
bfab3e3d0.png,Scentless Mayweed
bffc08672.png,Small-flowered Cranesbill
c0461776c.png,Common Chickweed
c069fc3fa.png,Fat Hen
c06e7c748.png,Maize
c0bc3997b.png,Scentless Mayweed
c0d9e170b.png,Small-flowered Cranesbill
c0f5d9ac8.png,Small-flowered Cranesbill
c10ccbd82.png,Small-flowered Cranesbill
c10db7ae2.png,Charlock
c1ecff98b.png,Loose Silky-bent
c26ccf73c.png,Small-flowered Cranesbill
c2de6020a.png,Small-flowered Cranesbill
c35efa095.png,Scentless Mayweed
c4ed8ed38.png,Small-flowered Cranesbill
c50335991.png,Loose Silky-bent
c5078bac5.png,Black-grass
c5e419015.png,Common Chickweed
c5e88cd42.png,Loose Silky-bent
c60e91e07.png,Loose Silky-bent
c63da993b.png,Small-flowered Cranesbill
c64370a72.png,Scentless Mayweed
c6b76307d.png,Cleavers
c6c8d4ba0.png,Black-grass
c7051c902.png,Common Chickweed
c74c5b7fc.png,Charlock
c75a82234.png,Sugar beet
c7ae30f3a.png,Common Chickweed
c7b07431e.png,Sugar beet
c7eb96871.png,Common wheat
c832e4302.png,Loose Silky-bent
c85ef220d.png,Small-flowered Cranesbill
c88ebfb47.png,Small-flowered Cranesbill
c8f50f0c3.png,Common wheat
caa2fbd79.png,Scentless Mayweed
cadab6616.png,Loose Silky-bent
cae684f8f.png,Charlock
cb496f36e.png,Loose Silky-bent
cb76a7766.png,Fat Hen
cbba27d89.png,Maize
cbe761896.png,Charlock
cc3d2a59a.png,Sugar beet
cc74feadc.png,Black-grass
cd5f0db1c.png,Small-flowered Cranesbill
cd6adba97.png,Small-flowered Cranesbill
ce15eee52.png,Fat Hen
ce3d280eb.png,Sugar beet
ce42adffb.png,Loose Silky-bent
cec5bf198.png,Loose Silky-bent
cf3a8b2fd.png,Black-grass
cf46d09c5.png,Common Chickweed
cf90fc52d.png,Maize
cfb18d262.png,Scentless Mayweed
cfd8165e9.png,Charlock
d0152bd7c.png,Sugar beet
d01873fdd.png,Loose Silky-bent
d09275360.png,Maize
d09d24c58.png,Loose Silky-bent
d0cdc768f.png,Common wheat
d102e1a15.png,Cleavers
d14aa43f3.png,Small-flowered Cranesbill
d17f48d3b.png,Cleavers
d2f0f326e.png,Charlock
d2f422ccb.png,Small-flowered Cranesbill
d2fd9df40.png,Black-grass
d3331e071.png,Fat Hen
d350a25fa.png,Fat Hen
d41d87796.png,Loose Silky-bent
d488a4fe1.png,Common wheat
d515398fd.png,Fat Hen
d563be369.png,Black-grass
d5f7dd60a.png,Cleavers
d668409ff.png,Loose Silky-bent
d689256be.png,Fat Hen
d6c8c3c48.png,Small-flowered Cranesbill
d6d31dcbe.png,Loose Silky-bent
d6d80a321.png,Charlock
d7017f701.png,Fat Hen
d84d37a61.png,Sugar beet
d89db156f.png,Loose Silky-bent
d8f4923f8.png,Maize
d93c7ab6d.png,Shepherds Purse
d9c50616e.png,Sugar beet
da231c97f.png,Maize
da4ed3a28.png,Scentless Mayweed
da5255450.png,Fat Hen
da713c465.png,Fat Hen
da9ef7858.png,Charlock
dabe3e5be.png,Scentless Mayweed
dabea05f4.png,Fat Hen
dc4cd56a3.png,Fat Hen
dc55449b2.png,Loose Silky-bent
dcd7ff249.png,Small-flowered Cranesbill
dce2f6612.png,Common Chickweed
dd5ec63d9.png,Sugar beet
dd9f36df7.png,Common Chickweed
de0b79659.png,Scentless Mayweed
df11d56a7.png,Loose Silky-bent
df521c0c0.png,Loose Silky-bent
df7cb5f87.png,Fat Hen
dfb1d9012.png,Loose Silky-bent
e0ec5b6a1.png,Small-flowered Cranesbill
e14afa235.png,Loose Silky-bent
e15472085.png,Common Chickweed
e15fce4f2.png,Maize
e1809cef2.png,Loose Silky-bent
e19673dc9.png,Charlock
e19ad6ac9.png,Scentless Mayweed
e1a0e3202.png,Loose Silky-bent
e1abb4ff9.png,Black-grass
e3f50adfc.png,Cleavers
e471f1d3a.png,Scentless Mayweed
e478c452c.png,Scentless Mayweed
e4a76885b.png,Maize
e4d5ec761.png,Loose Silky-bent
e5064f6be.png,Fat Hen
e52493d0b.png,Common wheat
e5297b675.png,Loose Silky-bent
e5368474f.png,Common Chickweed
e5881dd33.png,Sugar beet
e5e3dccff.png,Common wheat
e6f1211a2.png,Sugar beet
e7077322d.png,Scentless Mayweed
e721c6ac8.png,Loose Silky-bent
e73e308be.png,Loose Silky-bent
e783f5a4f.png,Sugar beet
e80a259c5.png,Loose Silky-bent
e82017baa.png,Loose Silky-bent
e84464f5a.png,Charlock
e88bf0db9.png,Small-flowered Cranesbill
e901b0f28.png,Black-grass
e921021a8.png,Fat Hen
e96e57a90.png,Charlock
e98e5d1d5.png,Small-flowered Cranesbill
e9cd91682.png,Common Chickweed
e9d48d664.png,Small-flowered Cranesbill
eaf0815e2.png,Common Chickweed
ec08a5d56.png,Maize
ede6b84b4.png,Cleavers
edfdb4aeb.png,Common Chickweed
eec1079a1.png,Small-flowered Cranesbill
eef131644.png,Black-grass
ef02b4ee7.png,Loose Silky-bent
ef3e232ad.png,Common Chickweed
ef65533d5.png,Fat Hen
ef74dbcad.png,Fat Hen
ef7a5651d.png,Fat Hen
ef9676433.png,Charlock
efe19dc32.png,Charlock
f0ffa00bd.png,Loose Silky-bent
f1e87cba7.png,Fat Hen
f1f7c833f.png,Shepherds Purse
f23faf9c1.png,Loose Silky-bent
f25996db8.png,Small-flowered Cranesbill
f2dc546ca.png,Shepherds Purse
f33e9d918.png,Loose Silky-bent
f351ce097.png,Loose Silky-bent
f3fcfff1b.png,Charlock
f4021df6c.png,Sugar beet
f4234cf4f.png,Common wheat
f445fe6fb.png,Small-flowered Cranesbill
f48916a8c.png,Fat Hen
f4ad9d950.png,Scentless Mayweed
f4caf74f9.png,Small-flowered Cranesbill
f4e7733d4.png,Fat Hen
f593c9cf0.png,Common Chickweed
f66ae4070.png,Scentless Mayweed
f6d250856.png,Scentless Mayweed
f8318faf1.png,Scentless Mayweed
f85ed9b6d.png,Cleavers
f9b6bfb00.png,Cleavers
f9ea23fb5.png,Scentless Mayweed
f9f35cbd4.png,Common Chickweed
fa5fd1384.png,Charlock
fa9f3a8f9.png,Cleavers
fadc6adbc.png,Charlock
fb022edf9.png,Fat Hen
fba8fc78a.png,Common Chickweed
fbf88b6be.png,Small-flowered Cranesbill
fc3e58836.png,Scentless Mayweed
fc6f686fb.png,Loose Silky-bent
fd253a74e.png,Cleavers
fd87b36ae.png,Fat Hen
fd925f542.png,Common Chickweed
fda0b5c38.png,Black-grass
fda39e16f.png,Loose Silky-bent
fdea6b119.png,Loose Silky-bent
fe29629fb.png,Loose Silky-bent
fe9e87b78.png,Shepherds Purse
fea1d13d6.png,Small-flowered Cranesbill
fea355851.png,Loose Silky-bent
fea3da57c.png,Fat Hen
fef2ade8c.png,Cleavers
ff65bc002.png,Charlock
ffc6f8527.png,Loose Silky-bent
